MAP Alpha Low,MAP Alpha High,MAP Beta Low,MAP Beta High,Stres Level
0.05008403680386649,0.04991630029438949,0.049701202391342604,0.05001553464736717,Stres Sedang
