MAP Alpha Low,MAP Alpha High,MAP Beta Low,MAP Beta High,Stres Level
0.05022272876582474,0.050065230893799856,0.05001133650356655,0.0500014768638233,Normal
