MAP Alpha Low,MAP Alpha High,MAP Beta Low,MAP Beta High,Stres Level
0.049942432999898104,0.04984494461195132,0.049920417697978364,0.05002245216041888,Stres Sedang
